file_path,classification,reason
".dockerignore",PRIVATE,"Hosted product, internal docs, backend, dashboard, or private runtime."
".env.example",PRIVATE,"Hosted product, internal docs, backend, dashboard, or private runtime."
".env.prod.example",PRIVATE,"Hosted product, internal docs, backend, dashboard, or private runtime."
".gitattributes",PRIVATE,"Hosted product, internal docs, backend, dashboard, or private runtime."
".gitignore",PRIVATE,"Hosted product, internal docs, backend, dashboard, or private runtime."
"AGENTS.md",PRIVATE,"Hosted product, internal docs, backend, dashboard, or private runtime."
"APPWRITE_SETUP_VERIFICATION.md",PRIVATE,"Hosted product, internal docs, backend, dashboard, or private runtime."
"backend/.dockerignore",PRIVATE,"Hosted product, internal docs, backend, dashboard, or private runtime."
"backend/.env.example",PRIVATE,"Hosted product, internal docs, backend, dashboard, or private runtime."
"backend/.gitattributes",PRIVATE,"Hosted product, internal docs, backend, dashboard, or private runtime."
"backend/__tests__/server.test.js",PRIVATE,"Hosted product, internal docs, backend, dashboard, or private runtime."
"backend/config/access.js",PRIVATE,"Hosted product, internal docs, backend, dashboard, or private runtime."
"backend/config/appwrite.js",PRIVATE,"Hosted product, internal docs, backend, dashboard, or private runtime."
"backend/Dockerfile",PRIVATE,"Hosted product, internal docs, backend, dashboard, or private runtime."
"scripts/appwrite-setup.js",PRIVATE,"Hosted product, internal docs, backend, dashboard, or private runtime."
"backend/jest.config.js",PRIVATE,"Hosted product, internal docs, backend, dashboard, or private runtime."
"backend/middleware/auth.js",PRIVATE,"Hosted product, internal docs, backend, dashboard, or private runtime."
"backend/package.json",PRIVATE,"Hosted product, internal docs, backend, dashboard, or private runtime."
"backend/package-lock.json",PRIVATE,"Hosted product, internal docs, backend, dashboard, or private runtime."
"backend/routes/apiKeys.js",PRIVATE,"Hosted product, internal docs, backend, dashboard, or private runtime."
"backend/routes/auth.js",PRIVATE,"Hosted product, internal docs, backend, dashboard, or private runtime."
"backend/routes/dashboard.js",PRIVATE,"Hosted product, internal docs, backend, dashboard, or private runtime."
"backend/routes/usage.js",PRIVATE,"Hosted product, internal docs, backend, dashboard, or private runtime."
"backend/server.js",PRIVATE,"Hosted product, internal docs, backend, dashboard, or private runtime."
"dashboard/.dockerignore",PRIVATE,"Hosted product, internal docs, backend, dashboard, or private runtime."
"dashboard/.env.example",PRIVATE,"Hosted product, internal docs, backend, dashboard, or private runtime."
"dashboard/.gitattributes",PRIVATE,"Hosted product, internal docs, backend, dashboard, or private runtime."
"dashboard/.gitignore",PRIVATE,"Hosted product, internal docs, backend, dashboard, or private runtime."
"dashboard/Dockerfile",PRIVATE,"Hosted product, internal docs, backend, dashboard, or private runtime."
"dashboard/src/lib/appwrite.js",PRIVATE,"Hosted product, internal docs, backend, dashboard, or private runtime."
"dashboard/package.json",PRIVATE,"Hosted product, internal docs, backend, dashboard, or private runtime."
"dashboard/package-lock.json",PRIVATE,"Hosted product, internal docs, backend, dashboard, or private runtime."
"dashboard/postcss.config.js",PRIVATE,"Hosted product, internal docs, backend, dashboard, or private runtime."
"dashboard/public/docs/ADVANCED_FEATURES.md",DELETE,"Legacy, duplicate, generated, or replaced during the public/private split."
"dashboard/public/docs/AGENT_INTEGRATIONS.md",DELETE,"Legacy, duplicate, generated, or replaced during the public/private split."
"dashboard/public/docs/AGENT_LOOP.md",DELETE,"Legacy, duplicate, generated, or replaced during the public/private split."
"dashboard/public/docs/API_DESIGN.md",DELETE,"Legacy, duplicate, generated, or replaced during the public/private split."
"dashboard/public/docs/ARCHITECTURE.md",DELETE,"Legacy, duplicate, generated, or replaced during the public/private split."
"dashboard/public/docs/assets/velocity-brain-logo.svg",DELETE,"Legacy, duplicate, generated, or replaced during the public/private split."
"dashboard/public/docs/CLIENT_INTEGRATIONS.md",DELETE,"Legacy, duplicate, generated, or replaced during the public/private split."
"dashboard/public/docs/DB_SCHEMA.md",DELETE,"Legacy, duplicate, generated, or replaced during the public/private split."
"dashboard/public/docs/ENHANCED_FEATURES.md",DELETE,"Legacy, duplicate, generated, or replaced during the public/private split."
"dashboard/public/docs/FOLDER_STRUCTURE.md",DELETE,"Legacy, duplicate, generated, or replaced during the public/private split."
"dashboard/public/docs/NEXT_LEVEL.md",DELETE,"Legacy, duplicate, generated, or replaced during the public/private split."
"dashboard/public/docs/PRODUCTION_DEPLOYMENT.md",DELETE,"Legacy, duplicate, generated, or replaced during the public/private split."
"dashboard/public/docs/SKILL_SYSTEM.md",DELETE,"Legacy, duplicate, generated, or replaced during the public/private split."
"dashboard/public/docs/TOKEN_EFFICIENCY.md",DELETE,"Legacy, duplicate, generated, or replaced during the public/private split."
"dashboard/public/docs/WORKFLOWS.md",DELETE,"Legacy, duplicate, generated, or replaced during the public/private split."
"dashboard/public/evidence/01-doctor.png",PRIVATE,"Hosted product, internal docs, backend, dashboard, or private runtime."
"dashboard/public/evidence/02-query.png",PRIVATE,"Hosted product, internal docs, backend, dashboard, or private runtime."
"dashboard/public/evidence/03-smoke.png",PRIVATE,"Hosted product, internal docs, backend, dashboard, or private runtime."
"dashboard/public/evidence/04-codex-mcp-list.png",PRIVATE,"Hosted product, internal docs, backend, dashboard, or private runtime."
"dashboard/public/hero.png",PRIVATE,"Hosted product, internal docs, backend, dashboard, or private runtime."
"dashboard/public/index.html",PRIVATE,"Hosted product, internal docs, backend, dashboard, or private runtime."
"dashboard/public/loader.gif",PRIVATE,"Hosted product, internal docs, backend, dashboard, or private runtime."
"dashboard/public/loader-clean.gif",PRIVATE,"Hosted product, internal docs, backend, dashboard, or private runtime."
"dashboard/public/logo.png",PRIVATE,"Hosted product, internal docs, backend, dashboard, or private runtime."
"dashboard/public/New Text Document.txt",DELETE,"Legacy, duplicate, generated, or replaced during the public/private split."
"dashboard/README.md",PRIVATE,"Hosted product, internal docs, backend, dashboard, or private runtime."
"dashboard/src/App.css",PRIVATE,"Hosted product, internal docs, backend, dashboard, or private runtime."
"dashboard/src/App.js",PRIVATE,"Hosted product, internal docs, backend, dashboard, or private runtime."
"dashboard/src/components/BlobLoader.js",PRIVATE,"Hosted product, internal docs, backend, dashboard, or private runtime."
"dashboard/src/components/Icons.js",PRIVATE,"Hosted product, internal docs, backend, dashboard, or private runtime."
"dashboard/src/components/Layout.js",PRIVATE,"Hosted product, internal docs, backend, dashboard, or private runtime."
"dashboard/src/components/Logo.js",PRIVATE,"Hosted product, internal docs, backend, dashboard, or private runtime."
"dashboard/src/components/ui/glsl-hills.js",PRIVATE,"Hosted product, internal docs, backend, dashboard, or private runtime."
"dashboard/src/contexts/AuthContext.js",PRIVATE,"Hosted product, internal docs, backend, dashboard, or private runtime."
"dashboard/src/contexts/ThemeContext.js",PRIVATE,"Hosted product, internal docs, backend, dashboard, or private runtime."
"dashboard/src/index.css",PRIVATE,"Hosted product, internal docs, backend, dashboard, or private runtime."
"dashboard/src/index.js",PRIVATE,"Hosted product, internal docs, backend, dashboard, or private runtime."
"dashboard/src/lib/agentRuntime.js",PRIVATE,"Hosted product, internal docs, backend, dashboard, or private runtime."
"scripts/sync-appwrite-users.js",PRIVATE,"Hosted product, internal docs, backend, dashboard, or private runtime."
"dashboard/src/lib/network.js",PRIVATE,"Hosted product, internal docs, backend, dashboard, or private runtime."
"dashboard/src/pages/Agents.js",PRIVATE,"Hosted product, internal docs, backend, dashboard, or private runtime."
"dashboard/src/pages/ApiKeys.js",PRIVATE,"Hosted product, internal docs, backend, dashboard, or private runtime."
"dashboard/src/pages/Dashboard.js",PRIVATE,"Hosted product, internal docs, backend, dashboard, or private runtime."
"dashboard/src/pages/Documentation.js",PRIVATE,"Hosted product, internal docs, backend, dashboard, or private runtime."
"dashboard/src/pages/Landing.js",PRIVATE,"Hosted product, internal docs, backend, dashboard, or private runtime."
"dashboard/src/pages/Login.js",PRIVATE,"Hosted product, internal docs, backend, dashboard, or private runtime."
"dashboard/src/pages/OAuthCallback.js",PRIVATE,"Hosted product, internal docs, backend, dashboard, or private runtime."
"dashboard/src/pages/Privacy.js",PRIVATE,"Hosted product, internal docs, backend, dashboard, or private runtime."
"dashboard/src/pages/Settings.js",PRIVATE,"Hosted product, internal docs, backend, dashboard, or private runtime."
"dashboard/src/pages/Terms.js",PRIVATE,"Hosted product, internal docs, backend, dashboard, or private runtime."
"dashboard/src/pages/Usage.js",PRIVATE,"Hosted product, internal docs, backend, dashboard, or private runtime."
"dashboard/tailwind.config.js",PRIVATE,"Hosted product, internal docs, backend, dashboard, or private runtime."
"dashboard/tmp-start.err.log",DELETE,"Legacy, duplicate, generated, or replaced during the public/private split."
"dashboard/tmp-start.log",DELETE,"Legacy, duplicate, generated, or replaced during the public/private split."
"dashboard/vercel.json",PRIVATE,"Hosted product, internal docs, backend, dashboard, or private runtime."
"data/response_style_benchmark.json",DELETE,"Legacy, duplicate, generated, or replaced during the public/private split."
"data/retrieval_benchmark.json",DELETE,"Legacy, duplicate, generated, or replaced during the public/private split."
"DEPLOYMENT_GUIDE.md",PRIVATE,"Hosted product, internal docs, backend, dashboard, or private runtime."
"docker-compose.fullstack.yml",PRIVATE,"Hosted product, internal docs, backend, dashboard, or private runtime."
"docker-compose.prod.yml",PRIVATE,"Hosted product, internal docs, backend, dashboard, or private runtime."
"docker-compose.yml",PRIVATE,"Hosted product, internal docs, backend, dashboard, or private runtime."
"Dockerfile",PRIVATE,"Hosted product, internal docs, backend, dashboard, or private runtime."
"Dockerfile.prod",PRIVATE,"Hosted product, internal docs, backend, dashboard, or private runtime."
"docs/ADVANCED_FEATURES.md",PRIVATE,"Hosted product, internal docs, backend, dashboard, or private runtime."
"docs/AGENT_INTEGRATIONS.md",PRIVATE,"Hosted product, internal docs, backend, dashboard, or private runtime."
"docs/AGENT_LOOP.md",PRIVATE,"Hosted product, internal docs, backend, dashboard, or private runtime."
"docs/API_DESIGN.md",PRIVATE,"Hosted product, internal docs, backend, dashboard, or private runtime."
"docs/ARCHITECTURE.md",PRIVATE,"Hosted product, internal docs, backend, dashboard, or private runtime."
"docs/assets/velocity-brain-logo.svg",PRIVATE,"Hosted product, internal docs, backend, dashboard, or private runtime."
"docs/CLIENT_INTEGRATIONS.md",PRIVATE,"Hosted product, internal docs, backend, dashboard, or private runtime."
"docs/DB_SCHEMA.md",PRIVATE,"Hosted product, internal docs, backend, dashboard, or private runtime."
"docs/ENHANCED_FEATURES.md",PRIVATE,"Hosted product, internal docs, backend, dashboard, or private runtime."
"docs/evidence/01-doctor.png",PRIVATE,"Hosted product, internal docs, backend, dashboard, or private runtime."
"docs/evidence/01-doctor.txt",PRIVATE,"Hosted product, internal docs, backend, dashboard, or private runtime."
"docs/evidence/02-query.png",PRIVATE,"Hosted product, internal docs, backend, dashboard, or private runtime."
"docs/evidence/02-query.txt",PRIVATE,"Hosted product, internal docs, backend, dashboard, or private runtime."
"docs/evidence/03-smoke.png",PRIVATE,"Hosted product, internal docs, backend, dashboard, or private runtime."
"docs/evidence/03-smoke.txt",PRIVATE,"Hosted product, internal docs, backend, dashboard, or private runtime."
"docs/evidence/04-codex-mcp-list.png",PRIVATE,"Hosted product, internal docs, backend, dashboard, or private runtime."
"docs/evidence/04-codex-mcp-list.txt",PRIVATE,"Hosted product, internal docs, backend, dashboard, or private runtime."
"docs/FOLDER_STRUCTURE.md",PRIVATE,"Hosted product, internal docs, backend, dashboard, or private runtime."
"docs/NEXT_LEVEL.md",PRIVATE,"Hosted product, internal docs, backend, dashboard, or private runtime."
"docs/private/API_CONTRACT.md",PRIVATE,"Private repo documentation for hosted product ownership."
"docs/private/README.md",PRIVATE,"Private repo documentation for hosted product ownership."
"docs/PRODUCTION_DEPLOYMENT.md",PRIVATE,"Hosted product, internal docs, backend, dashboard, or private runtime."
"docs/public/API_CONTRACT.md",PUBLIC,"Installable public client distribution layer or public boundary documentation."
"docs/public/README.md",PUBLIC,"Installable public client distribution layer or public boundary documentation."
"docs/REPO_BOUNDARY.csv",PRIVATE,"Hosted product, internal docs, backend, dashboard, or private runtime."
"docs/REPO_BOUNDARY.md",PRIVATE,"Hosted product, internal docs, backend, dashboard, or private runtime."
"docs/SKILL_SYSTEM.md",PRIVATE,"Hosted product, internal docs, backend, dashboard, or private runtime."
"docs/TOKEN_EFFICIENCY.md",PRIVATE,"Hosted product, internal docs, backend, dashboard, or private runtime."
"docs/UPLOAD_EVIDENCE_GUIDE.md",PRIVATE,"Hosted product, internal docs, backend, dashboard, or private runtime."
"docs/WORKFLOWS.md",PRIVATE,"Hosted product, internal docs, backend, dashboard, or private runtime."
"examples/basic_usage.py",DELETE,"Legacy, duplicate, generated, or replaced during the public/private split."
"examples/skills_demo.py",DELETE,"Legacy, duplicate, generated, or replaced during the public/private split."
"FIXED_FILES_INSTRUCTIONS.md",PRIVATE,"Hosted product, internal docs, backend, dashboard, or private runtime."
"identity.spec.json",PRIVATE,"Hosted product, internal docs, backend, dashboard, or private runtime."
"integrations/claude/hooks/caveman-activate.js",DELETE,"Legacy, duplicate, generated, or replaced during the public/private split."
"integrations/claude/hooks/caveman-config.js",DELETE,"Legacy, duplicate, generated, or replaced during the public/private split."
"integrations/claude/hooks/caveman-mode-tracker.js",DELETE,"Legacy, duplicate, generated, or replaced during the public/private split."
"integrations/claude/hooks/README.md",DELETE,"Legacy, duplicate, generated, or replaced during the public/private split."
"integrations/mcp/claude-code/mcpServers.velocitybrain.json",DELETE,"Legacy, duplicate, generated, or replaced during the public/private split."
"integrations/mcp/codex/config.velocitybrain.toml",DELETE,"Legacy, duplicate, generated, or replaced during the public/private split."
"integrations/mcp/openclaw/mcpServers.velocitybrain.json",DELETE,"Legacy, duplicate, generated, or replaced during the public/private split."
"integrations/mcp/README.md",DELETE,"Legacy, duplicate, generated, or replaced during the public/private split."
"landing/index.html",DELETE,"Legacy, duplicate, generated, or replaced during the public/private split."
"migrations/enhanced_schema.sql",PRIVATE,"Hosted product, internal docs, backend, dashboard, or private runtime."
"migrations/schema.sql",PRIVATE,"Hosted product, internal docs, backend, dashboard, or private runtime."
"migrations/schema_constraints.sql",PRIVATE,"Hosted product, internal docs, backend, dashboard, or private runtime."
"nginx/nginx.conf",PRIVATE,"Hosted product, internal docs, backend, dashboard, or private runtime."
"OAUTH_SETUP_GUIDE.md",PRIVATE,"Hosted product, internal docs, backend, dashboard, or private runtime."
"package.json",PRIVATE,"Hosted product, internal docs, backend, dashboard, or private runtime."
"package-lock.json",PRIVATE,"Hosted product, internal docs, backend, dashboard, or private runtime."
"pyproject.toml",PRIVATE,"Hosted product, internal docs, backend, dashboard, or private runtime."
"pyproject-client.toml",DELETE,"Legacy, duplicate, generated, or replaced during the public/private split."
"QUICK_START_ENHANCED.md",PRIVATE,"Hosted product, internal docs, backend, dashboard, or private runtime."
"README.md",PRIVATE,"Hosted product, internal docs, backend, dashboard, or private runtime."
"README-OPEN-SOURCE.md",DELETE,"Legacy, duplicate, generated, or replaced during the public/private split."
"requirements.txt",PRIVATE,"Hosted product, internal docs, backend, dashboard, or private runtime."
"requirements-client.txt",DELETE,"Legacy, duplicate, generated, or replaced during the public/private split."
"requirements-dev.txt",PRIVATE,"Hosted product, internal docs, backend, dashboard, or private runtime."
"requirements-optional.txt",PRIVATE,"Hosted product, internal docs, backend, dashboard, or private runtime."
"requirements-prod.txt",PRIVATE,"Hosted product, internal docs, backend, dashboard, or private runtime."
"scripts/demo_run.py",PRIVATE,"Hosted product, internal docs, backend, dashboard, or private runtime."
"scripts/full_system_test.ps1",PRIVATE,"Hosted product, internal docs, backend, dashboard, or private runtime."
"scripts/install_claude_caveman_hooks.ps1",PRIVATE,"Hosted product, internal docs, backend, dashboard, or private runtime."
"scripts/openclaw_smoke.py",PRIVATE,"Hosted product, internal docs, backend, dashboard, or private runtime."
"scripts/response_style_benchmark.py",PRIVATE,"Hosted product, internal docs, backend, dashboard, or private runtime."
"scripts/retrieval_benchmark.py",PRIVATE,"Hosted product, internal docs, backend, dashboard, or private runtime."
"scripts/setup_mcp_plugin.ps1",PRIVATE,"Hosted product, internal docs, backend, dashboard, or private runtime."
"scripts/setup-revenuecat.js",PRIVATE,"Hosted product, internal docs, backend, dashboard, or private runtime."
"scripts/skill_inventory.py",PRIVATE,"Hosted product, internal docs, backend, dashboard, or private runtime."
"scripts/test-billing.js",PRIVATE,"Hosted product, internal docs, backend, dashboard, or private runtime."
"scripts/verify_mcp_integrations.ps1",PRIVATE,"Hosted product, internal docs, backend, dashboard, or private runtime."
"setup-open-source.py",DELETE,"Legacy, duplicate, generated, or replaced during the public/private split."
"skills/automation/conditional-logic-skill.json",PRIVATE,"Hosted product, internal docs, backend, dashboard, or private runtime."
"skills/automation/event-driven-skill.json",PRIVATE,"Hosted product, internal docs, backend, dashboard, or private runtime."
"skills/automation/scheduled-automation-skill.json",PRIVATE,"Hosted product, internal docs, backend, dashboard, or private runtime."
"skills/automation/visual-workflow-skill.json",PRIVATE,"Hosted product, internal docs, backend, dashboard, or private runtime."
"skills/enrichment/company-enrich-basic.json",PRIVATE,"Hosted product, internal docs, backend, dashboard, or private runtime."
"skills/enrichment/company-enrich-deep.json",PRIVATE,"Hosted product, internal docs, backend, dashboard, or private runtime."
"skills/enrichment/idea-enrich.json",PRIVATE,"Hosted product, internal docs, backend, dashboard, or private runtime."
"skills/enrichment/person-enrich-basic.json",PRIVATE,"Hosted product, internal docs, backend, dashboard, or private runtime."
"skills/enrichment/person-enrich-deep.json",PRIVATE,"Hosted product, internal docs, backend, dashboard, or private runtime."
"skills/enrichment/project-enrich.json",PRIVATE,"Hosted product, internal docs, backend, dashboard, or private runtime."
"skills/enrichment/relationship-infer.json",PRIVATE,"Hosted product, internal docs, backend, dashboard, or private runtime."
"skills/enrichment/source-citation-enrich.json",PRIVATE,"Hosted product, internal docs, backend, dashboard, or private runtime."
"skills/execution/api-call-executor.json",PRIVATE,"Hosted product, internal docs, backend, dashboard, or private runtime."
"skills/execution/calendar-schedule-executor.json",PRIVATE,"Hosted product, internal docs, backend, dashboard, or private runtime."
"skills/execution/email-send-executor.json",PRIVATE,"Hosted product, internal docs, backend, dashboard, or private runtime."
"skills/execution/followup-executor.json",PRIVATE,"Hosted product, internal docs, backend, dashboard, or private runtime."
"skills/execution/message-send-executor.json",PRIVATE,"Hosted product, internal docs, backend, dashboard, or private runtime."
"skills/execution/task-create-executor.json",PRIVATE,"Hosted product, internal docs, backend, dashboard, or private runtime."
"skills/execution/webhook-dispatch-executor.json",PRIVATE,"Hosted product, internal docs, backend, dashboard, or private runtime."
"skills/execution/workflow-executor.json",PRIVATE,"Hosted product, internal docs, backend, dashboard, or private runtime."
"skills/ingestion/audio-transcribe-ingest.json",PRIVATE,"Hosted product, internal docs, backend, dashboard, or private runtime."
"skills/ingestion/email-ingest.json",PRIVATE,"Hosted product, internal docs, backend, dashboard, or private runtime."
"skills/ingestion/image-ocr-ingest.json",PRIVATE,"Hosted product, internal docs, backend, dashboard, or private runtime."
"skills/ingestion/meeting-transcript-ingest.json",PRIVATE,"Hosted product, internal docs, backend, dashboard, or private runtime."
"skills/ingestion/pdf-ingest.json",PRIVATE,"Hosted product, internal docs, backend, dashboard, or private runtime."
"skills/ingestion/text-note-ingest.json",PRIVATE,"Hosted product, internal docs, backend, dashboard, or private runtime."
"skills/ingestion/video-transcribe-ingest.json",PRIVATE,"Hosted product, internal docs, backend, dashboard, or private runtime."
"skills/ingestion/web-article-ingest.json",PRIVATE,"Hosted product, internal docs, backend, dashboard, or private runtime."
"skills/intelligence/knowledge-graph-skill.json",PRIVATE,"Hosted product, internal docs, backend, dashboard, or private runtime."
"skills/intelligence/predictive-analytics-skill.json",PRIVATE,"Hosted product, internal docs, backend, dashboard, or private runtime."
"skills/intelligence/semantic-analysis-skill.json",PRIVATE,"Hosted product, internal docs, backend, dashboard, or private runtime."
"skills/maintenance/broken-link-repair.json",PRIVATE,"Hosted product, internal docs, backend, dashboard, or private runtime."
"skills/maintenance/citation-validator.json",PRIVATE,"Hosted product, internal docs, backend, dashboard, or private runtime."
"skills/maintenance/dedup-entities.json",PRIVATE,"Hosted product, internal docs, backend, dashboard, or private runtime."
"skills/maintenance/embedding-refresh.json",PRIVATE,"Hosted product, internal docs, backend, dashboard, or private runtime."
"skills/maintenance/fact-confidence-recalibration.json",PRIVATE,"Hosted product, internal docs, backend, dashboard, or private runtime."
"skills/maintenance/orphan-page-detect.json",PRIVATE,"Hosted product, internal docs, backend, dashboard, or private runtime."
"skills/maintenance/skill-conformance-check.json",PRIVATE,"Hosted product, internal docs, backend, dashboard, or private runtime."
"skills/maintenance/timeline-integrity-check.json",PRIVATE,"Hosted product, internal docs, backend, dashboard, or private runtime."
"skills/monitoring/anomaly-monitor.json",PRIVATE,"Hosted product, internal docs, backend, dashboard, or private runtime."
"skills/monitoring/autonomous-health-monitor.json",PRIVATE,"Hosted product, internal docs, backend, dashboard, or private runtime."
"skills/monitoring/daily-insight-monitor.json",PRIVATE,"Hosted product, internal docs, backend, dashboard, or private runtime."
"skills/monitoring/deadline-monitor.json",PRIVATE,"Hosted product, internal docs, backend, dashboard, or private runtime."
"skills/monitoring/pipeline-monitor.json",PRIVATE,"Hosted product, internal docs, backend, dashboard, or private runtime."
"skills/monitoring/relationship-monitor.json",PRIVATE,"Hosted product, internal docs, backend, dashboard, or private runtime."
"skills/monitoring/signal-priority-monitor.json",PRIVATE,"Hosted product, internal docs, backend, dashboard, or private runtime."
"skills/monitoring/webhook-delivery-monitor.json",PRIVATE,"Hosted product, internal docs, backend, dashboard, or private runtime."
"skills/monitoring/weekly-insight-monitor.json",PRIVATE,"Hosted product, internal docs, backend, dashboard, or private runtime."
"skills/planning/attention-prioritizer.json",PRIVATE,"Hosted product, internal docs, backend, dashboard, or private runtime."
"skills/planning/goal-roadmap-planner.json",PRIVATE,"Hosted product, internal docs, backend, dashboard, or private runtime."
"skills/planning/meeting-followup-planner.json",PRIVATE,"Hosted product, internal docs, backend, dashboard, or private runtime."
"skills/planning/priority-planner.json",PRIVATE,"Hosted product, internal docs, backend, dashboard, or private runtime."
"skills/planning/risk-plan-generator.json",PRIVATE,"Hosted product, internal docs, backend, dashboard, or private runtime."
"skills/planning/scenario-plan-generator.json",PRIVATE,"Hosted product, internal docs, backend, dashboard, or private runtime."
"skills/planning/task-breakdown.json",PRIVATE,"Hosted product, internal docs, backend, dashboard, or private runtime."
"skills/planning/weekly-planner.json",PRIVATE,"Hosted product, internal docs, backend, dashboard, or private runtime."
"skills/query/context-gap-query.json",PRIVATE,"Hosted product, internal docs, backend, dashboard, or private runtime."
"skills/query/contradiction-query.json",PRIVATE,"Hosted product, internal docs, backend, dashboard, or private runtime."
"skills/query/decision-support-query.json",PRIVATE,"Hosted product, internal docs, backend, dashboard, or private runtime."
"skills/query/entity-brief-query.json",PRIVATE,"Hosted product, internal docs, backend, dashboard, or private runtime."
"skills/query/hybrid-search-query.json",PRIVATE,"Hosted product, internal docs, backend, dashboard, or private runtime."
"skills/query/meeting-prep-query.json",PRIVATE,"Hosted product, internal docs, backend, dashboard, or private runtime."
"skills/query/pattern-query.json",PRIVATE,"Hosted product, internal docs, backend, dashboard, or private runtime."
"skills/query/timeline-diff-query.json",PRIVATE,"Hosted product, internal docs, backend, dashboard, or private runtime."
"skills/research/competitive-research.json",PRIVATE,"Hosted product, internal docs, backend, dashboard, or private runtime."
"skills/research/financial-research.json",PRIVATE,"Hosted product, internal docs, backend, dashboard, or private runtime."
"skills/research/market-trend-research.json",PRIVATE,"Hosted product, internal docs, backend, dashboard, or private runtime."
"skills/research/operations-research.json",PRIVATE,"Hosted product, internal docs, backend, dashboard, or private runtime."
"skills/research/source-extraction-research.json",PRIVATE,"Hosted product, internal docs, backend, dashboard, or private runtime."
"skills/research/synthesis-research.json",PRIVATE,"Hosted product, internal docs, backend, dashboard, or private runtime."
"skills/research/tech-stack-research.json",PRIVATE,"Hosted product, internal docs, backend, dashboard, or private runtime."
"skills/research/topic-research.json",PRIVATE,"Hosted product, internal docs, backend, dashboard, or private runtime."
"src/__init__.py",PRIVATE,"Hosted product, internal docs, backend, dashboard, or private runtime."
"src/api/__init__.py",PRIVATE,"Hosted product, internal docs, backend, dashboard, or private runtime."
"src/api/advanced_routes.py",PRIVATE,"Hosted product, internal docs, backend, dashboard, or private runtime."
"src/api/automation_routes.py",PRIVATE,"Hosted product, internal docs, backend, dashboard, or private runtime."
"src/api/enhanced_routes.py",PRIVATE,"Hosted product, internal docs, backend, dashboard, or private runtime."
"src/api/routes.py",PRIVATE,"Hosted product, internal docs, backend, dashboard, or private runtime."
"src/background/__init__.py",PRIVATE,"Hosted product, internal docs, backend, dashboard, or private runtime."
"src/background/scheduler.py",PRIVATE,"Hosted product, internal docs, backend, dashboard, or private runtime."
"src/cli.py",PRIVATE,"Hosted product, internal docs, backend, dashboard, or private runtime."
"src/cli/main.py",PRIVATE,"Hosted product, internal docs, backend, dashboard, or private runtime."
"src/client/__init__.py",PRIVATE,"Hosted product, internal docs, backend, dashboard, or private runtime."
"src/client/auth.py",PRIVATE,"Hosted product, internal docs, backend, dashboard, or private runtime."
"src/client/client.py",PRIVATE,"Hosted product, internal docs, backend, dashboard, or private runtime."
"src/client/exceptions.py",PRIVATE,"Hosted product, internal docs, backend, dashboard, or private runtime."
"src/core/__init__.py",PRIVATE,"Hosted product, internal docs, backend, dashboard, or private runtime."
"src/core/config.py",PRIVATE,"Hosted product, internal docs, backend, dashboard, or private runtime."
"src/core/db.py",PRIVATE,"Hosted product, internal docs, backend, dashboard, or private runtime."
"src/core/logging_config.py",PRIVATE,"Hosted product, internal docs, backend, dashboard, or private runtime."
"src/core/security.py",PRIVATE,"Hosted product, internal docs, backend, dashboard, or private runtime."
"src/core_api/.env.example",PRIVATE,"Hosted product, internal docs, backend, dashboard, or private runtime."
"src/core_api/__init__.py",PRIVATE,"Hosted product, internal docs, backend, dashboard, or private runtime."
"src/core_api/auth.py",PRIVATE,"Hosted product, internal docs, backend, dashboard, or private runtime."
"src/core_api/brain.py",PRIVATE,"Hosted product, internal docs, backend, dashboard, or private runtime."
"src/core_api/identity.spec.json",PRIVATE,"Hosted product, internal docs, backend, dashboard, or private runtime."
"src/core_api/main.py",PRIVATE,"Hosted product, internal docs, backend, dashboard, or private runtime."
"src/core_api/monitoring.py",PRIVATE,"Hosted product, internal docs, backend, dashboard, or private runtime."
"src/core_api/requirements.txt",PRIVATE,"Hosted product, internal docs, backend, dashboard, or private runtime."
"src/core_api/simple_main.py",PRIVATE,"Hosted product, internal docs, backend, dashboard, or private runtime."
"src/core_api/skills.py",PRIVATE,"Hosted product, internal docs, backend, dashboard, or private runtime."
"src/core_api/startup_test.py",PRIVATE,"Hosted product, internal docs, backend, dashboard, or private runtime."
"src/main.py",PRIVATE,"Hosted product, internal docs, backend, dashboard, or private runtime."
"src/mcp/enhanced_tools.py",PRIVATE,"Hosted product, internal docs, backend, dashboard, or private runtime."
"src/mcp/server.py",PRIVATE,"Hosted product, internal docs, backend, dashboard, or private runtime."
"src/mcp_stdio.py",PRIVATE,"Hosted product, internal docs, backend, dashboard, or private runtime."
"src/models/__init__.py",PRIVATE,"Hosted product, internal docs, backend, dashboard, or private runtime."
"src/models/api.py",PRIVATE,"Hosted product, internal docs, backend, dashboard, or private runtime."
"src/models/explainability.py",PRIVATE,"Hosted product, internal docs, backend, dashboard, or private runtime."
"src/monitoring/health_monitor.py",PRIVATE,"Hosted product, internal docs, backend, dashboard, or private runtime."
"src/plugins/core_connectors.manifest.json",PRIVATE,"Hosted product, internal docs, backend, dashboard, or private runtime."
"src/plugins/core_connectors.py",PRIVATE,"Hosted product, internal docs, backend, dashboard, or private runtime."
"src/services/__init__.py",PRIVATE,"Hosted product, internal docs, backend, dashboard, or private runtime."
"src/services/access_control.py",PRIVATE,"Hosted product, internal docs, backend, dashboard, or private runtime."
"src/services/adoption_service.py",PRIVATE,"Hosted product, internal docs, backend, dashboard, or private runtime."
"src/services/agent_loop.py",PRIVATE,"Hosted product, internal docs, backend, dashboard, or private runtime."
"src/services/backup_service.py",PRIVATE,"Hosted product, internal docs, backend, dashboard, or private runtime."
"src/services/business_intelligence.py",PRIVATE,"Hosted product, internal docs, backend, dashboard, or private runtime."
"src/services/call_graph_analyzer.py",PRIVATE,"Hosted product, internal docs, backend, dashboard, or private runtime."
"src/services/caveman_compress.py",PRIVATE,"Hosted product, internal docs, backend, dashboard, or private runtime."
"src/services/caveman_ops.py",PRIVATE,"Hosted product, internal docs, backend, dashboard, or private runtime."
"src/services/codebase_indexer.py",PRIVATE,"Hosted product, internal docs, backend, dashboard, or private runtime."
"src/services/command_router.py",PRIVATE,"Hosted product, internal docs, backend, dashboard, or private runtime."
"src/services/compliance_service.py",PRIVATE,"Hosted product, internal docs, backend, dashboard, or private runtime."
"src/services/conditional_logic.py",PRIVATE,"Hosted product, internal docs, backend, dashboard, or private runtime."
"src/services/connector_hub.py",PRIVATE,"Hosted product, internal docs, backend, dashboard, or private runtime."
"src/services/dashboard_service.py",PRIVATE,"Hosted product, internal docs, backend, dashboard, or private runtime."
"src/services/decision_engine.py",PRIVATE,"Hosted product, internal docs, backend, dashboard, or private runtime."
"src/services/embedding_service.py",PRIVATE,"Hosted product, internal docs, backend, dashboard, or private runtime."
"src/services/evaluation_service.py",PRIVATE,"Hosted product, internal docs, backend, dashboard, or private runtime."
"src/services/event_driven_automation.py",PRIVATE,"Hosted product, internal docs, backend, dashboard, or private runtime."
"src/services/execution_engine.py",PRIVATE,"Hosted product, internal docs, backend, dashboard, or private runtime."
"src/services/graph_service.py",PRIVATE,"Hosted product, internal docs, backend, dashboard, or private runtime."
"src/services/identity_spec.py",PRIVATE,"Hosted product, internal docs, backend, dashboard, or private runtime."
"src/services/intelligent_context_engine.py",PRIVATE,"Hosted product, internal docs, backend, dashboard, or private runtime."
"src/services/job_queue_service.py",PRIVATE,"Hosted product, internal docs, backend, dashboard, or private runtime."
"src/services/knowledge_graph.py",PRIVATE,"Hosted product, internal docs, backend, dashboard, or private runtime."
"src/services/meeting_copilot.py",PRIVATE,"Hosted product, internal docs, backend, dashboard, or private runtime."
"src/services/memory_engine.py",PRIVATE,"Hosted product, internal docs, backend, dashboard, or private runtime."
"src/services/metrics_service.py",PRIVATE,"Hosted product, internal docs, backend, dashboard, or private runtime."
"src/services/multi_agent_collaboration.py",PRIVATE,"Hosted product, internal docs, backend, dashboard, or private runtime."
"src/services/multi_agent_engine.py",PRIVATE,"Hosted product, internal docs, backend, dashboard, or private runtime."
"src/services/multimodal_ingest.py",PRIVATE,"Hosted product, internal docs, backend, dashboard, or private runtime."
"src/services/multimodal_processor.py",PRIVATE,"Hosted product, internal docs, backend, dashboard, or private runtime."
"src/services/openclaw_profile.py",PRIVATE,"Hosted product, internal docs, backend, dashboard, or private runtime."
"src/services/org_ingest.py",PRIVATE,"Hosted product, internal docs, backend, dashboard, or private runtime."
"src/services/permission_service.py",PRIVATE,"Hosted product, internal docs, backend, dashboard, or private runtime."
"src/services/playbook_service.py",PRIVATE,"Hosted product, internal docs, backend, dashboard, or private runtime."
"src/services/policy_engine.py",PRIVATE,"Hosted product, internal docs, backend, dashboard, or private runtime."
"src/services/predictive_analytics.py",PRIVATE,"Hosted product, internal docs, backend, dashboard, or private runtime."
"src/services/predictive_engine.py",PRIVATE,"Hosted product, internal docs, backend, dashboard, or private runtime."
"src/services/response_style.py",PRIVATE,"Hosted product, internal docs, backend, dashboard, or private runtime."
"src/services/retrieval_engine.py",PRIVATE,"Hosted product, internal docs, backend, dashboard, or private runtime."
"src/services/reuse_service.py",PRIVATE,"Hosted product, internal docs, backend, dashboard, or private runtime."
"src/services/reuse_validation.py",PRIVATE,"Hosted product, internal docs, backend, dashboard, or private runtime."
"src/services/runtime_status.py",PRIVATE,"Hosted product, internal docs, backend, dashboard, or private runtime."
"src/services/scheduled_automation.py",PRIVATE,"Hosted product, internal docs, backend, dashboard, or private runtime."
"src/services/semantic_understanding.py",PRIVATE,"Hosted product, internal docs, backend, dashboard, or private runtime."
"src/services/simulation_engine.py",PRIVATE,"Hosted product, internal docs, backend, dashboard, or private runtime."
"src/services/skill_registry.py",PRIVATE,"Hosted product, internal docs, backend, dashboard, or private runtime."
"src/services/skill_validation.py",PRIVATE,"Hosted product, internal docs, backend, dashboard, or private runtime."
"src/services/sync_service.py",PRIVATE,"Hosted product, internal docs, backend, dashboard, or private runtime."
"src/services/temporal_engine.py",PRIVATE,"Hosted product, internal docs, backend, dashboard, or private runtime."
"src/services/token_optimizer.py",PRIVATE,"Hosted product, internal docs, backend, dashboard, or private runtime."
"src/services/visual_workflow.py",PRIVATE,"Hosted product, internal docs, backend, dashboard, or private runtime."
"src/skills/__init__.py",PRIVATE,"Hosted product, internal docs, backend, dashboard, or private runtime."
"src/skills/base.py",PRIVATE,"Hosted product, internal docs, backend, dashboard, or private runtime."
"src/skills/examples/__init__.py",PRIVATE,"Hosted product, internal docs, backend, dashboard, or private runtime."
"src/skills/examples/extract_skill.py",PRIVATE,"Hosted product, internal docs, backend, dashboard, or private runtime."
"src/skills/examples/summarize_skill.py",PRIVATE,"Hosted product, internal docs, backend, dashboard, or private runtime."
"src/skills/examples/translate_skill.py",PRIVATE,"Hosted product, internal docs, backend, dashboard, or private runtime."
"src/skills/registry.py",PRIVATE,"Hosted product, internal docs, backend, dashboard, or private runtime."
"src/workflows/insight_to_execution.json",PRIVATE,"Hosted product, internal docs, backend, dashboard, or private runtime."
"src/workflows/meeting_prep_end_to_end.json",PRIVATE,"Hosted product, internal docs, backend, dashboard, or private runtime."
"STARTUP_GUIDE.md",PRIVATE,"Hosted product, internal docs, backend, dashboard, or private runtime."
"tests/conftest.py",PRIVATE,"Hosted product, internal docs, backend, dashboard, or private runtime."
"tests/test_adoption_service.py",PRIVATE,"Hosted product, internal docs, backend, dashboard, or private runtime."
"tests/test_agent_loop_smoke.py",PRIVATE,"Hosted product, internal docs, backend, dashboard, or private runtime."
"tests/test_audit_api.py",PRIVATE,"Hosted product, internal docs, backend, dashboard, or private runtime."
"tests/test_caveman_compress.py",PRIVATE,"Hosted product, internal docs, backend, dashboard, or private runtime."
"tests/test_caveman_ops.py",PRIVATE,"Hosted product, internal docs, backend, dashboard, or private runtime."
"tests/test_cli_mcp_smoke.py",PRIVATE,"Hosted product, internal docs, backend, dashboard, or private runtime."
"tests/test_client.py",PRIVATE,"Hosted product, internal docs, backend, dashboard, or private runtime."
"tests/test_cloud_cli.py",PRIVATE,"Hosted product, internal docs, backend, dashboard, or private runtime."
"tests/test_concurrent_runs.py",PRIVATE,"Hosted product, internal docs, backend, dashboard, or private runtime."
"tests/test_database_integrity.py",PRIVATE,"Hosted product, internal docs, backend, dashboard, or private runtime."
"tests/test_eval_query_api.py",PRIVATE,"Hosted product, internal docs, backend, dashboard, or private runtime."
"tests/test_openclaw_profile.py",PRIVATE,"Hosted product, internal docs, backend, dashboard, or private runtime."
"tests/test_production_security.py",PRIVATE,"Hosted product, internal docs, backend, dashboard, or private runtime."
"tests/test_response_style.py",PRIVATE,"Hosted product, internal docs, backend, dashboard, or private runtime."
"tests/test_retrieval_benchmark.py",PRIVATE,"Hosted product, internal docs, backend, dashboard, or private runtime."
"tests/test_reuse_service.py",PRIVATE,"Hosted product, internal docs, backend, dashboard, or private runtime."
"tests/test_reuse_stability.py",PRIVATE,"Hosted product, internal docs, backend, dashboard, or private runtime."
"tests/test_reuse_stress.py",PRIVATE,"Hosted product, internal docs, backend, dashboard, or private runtime."
"tests/test_reuse_validation.py",PRIVATE,"Hosted product, internal docs, backend, dashboard, or private runtime."
"tests/test_runtime_status_api.py",PRIVATE,"Hosted product, internal docs, backend, dashboard, or private runtime."
"tests/test_security_sync_features.py",PRIVATE,"Hosted product, internal docs, backend, dashboard, or private runtime."
"tests/test_skill_registry_inventory.py",PRIVATE,"Hosted product, internal docs, backend, dashboard, or private runtime."
"tests/test_skills.py",PRIVATE,"Hosted product, internal docs, backend, dashboard, or private runtime."
"tests/test_traceability.py",PRIVATE,"Hosted product, internal docs, backend, dashboard, or private runtime."
"velocitybrain.py",PRIVATE,"Hosted product, internal docs, backend, dashboard, or private runtime."
"velocitybrain-open-source/.gitattributes",PUBLIC,"Installable public client distribution layer or public boundary documentation."
"velocitybrain-open-source/.github/workflows/ci.yml",PUBLIC,"Installable public client distribution layer or public boundary documentation."
"velocitybrain-open-source/CONTRIBUTING.md",PUBLIC,"Installable public client distribution layer or public boundary documentation."
"velocitybrain-open-source/docs/getting-started.md",PUBLIC,"Installable public client distribution layer or public boundary documentation."
"velocitybrain-open-source/examples/basic_usage.py",PUBLIC,"Installable public client distribution layer or public boundary documentation."
"velocitybrain-open-source/examples/skills_demo.py",PUBLIC,"Installable public client distribution layer or public boundary documentation."
"velocitybrain-open-source/integrations/claude/setup.sh",PUBLIC,"Installable public client distribution layer or public boundary documentation."
"velocitybrain-open-source/integrations/mcp/mcpServers.velocitybrain.json",PUBLIC,"Installable public client distribution layer or public boundary documentation."
"velocitybrain-open-source/integrations/openclaw/mcpServers.json",PUBLIC,"Installable public client distribution layer or public boundary documentation."
"velocitybrain-open-source/LICENSE",PUBLIC,"Installable public client distribution layer or public boundary documentation."
"velocitybrain-open-source/pyproject.toml",PUBLIC,"Installable public client distribution layer or public boundary documentation."
"velocitybrain-open-source/README.md",PUBLIC,"Installable public client distribution layer or public boundary documentation."
"velocitybrain-open-source/requirements.txt",PUBLIC,"Installable public client distribution layer or public boundary documentation."
"velocitybrain-open-source/scripts/check_public_boundary.py",PUBLIC,"Installable public client distribution layer or public boundary documentation."
"velocitybrain-open-source/src/cli/main.py",DELETE,"Legacy, duplicate, generated, or replaced during the public/private split."
"velocitybrain-open-source/src/client/__init__.py",DELETE,"Legacy, duplicate, generated, or replaced during the public/private split."
"velocitybrain-open-source/src/client/auth.py",DELETE,"Legacy, duplicate, generated, or replaced during the public/private split."
"velocitybrain-open-source/src/client/client.py",DELETE,"Legacy, duplicate, generated, or replaced during the public/private split."
"velocitybrain-open-source/src/client/exceptions.py",DELETE,"Legacy, duplicate, generated, or replaced during the public/private split."
"velocitybrain-open-source/src/mcp/enhanced_tools.py",DELETE,"Legacy, duplicate, generated, or replaced during the public/private split."
"velocitybrain-open-source/src/mcp/server.py",DELETE,"Legacy, duplicate, generated, or replaced during the public/private split."
"velocitybrain-open-source/src/skills/__init__.py",DELETE,"Legacy, duplicate, generated, or replaced during the public/private split."
"velocitybrain-open-source/src/skills/base.py",DELETE,"Legacy, duplicate, generated, or replaced during the public/private split."
"velocitybrain-open-source/src/skills/examples/__init__.py",DELETE,"Legacy, duplicate, generated, or replaced during the public/private split."
"velocitybrain-open-source/src/skills/examples/extract_skill.py",DELETE,"Legacy, duplicate, generated, or replaced during the public/private split."
"velocitybrain-open-source/src/skills/examples/summarize_skill.py",DELETE,"Legacy, duplicate, generated, or replaced during the public/private split."
"velocitybrain-open-source/src/skills/examples/translate_skill.py",DELETE,"Legacy, duplicate, generated, or replaced during the public/private split."
"velocitybrain-open-source/src/skills/registry.py",DELETE,"Legacy, duplicate, generated, or replaced during the public/private split."
"velocitybrain-open-source/src/velocitybrain_client/__init__.py",PUBLIC,"Installable public client distribution layer or public boundary documentation."
"velocitybrain-open-source/src/velocitybrain_client/cli/__init__.py",PUBLIC,"Installable public client distribution layer or public boundary documentation."
"velocitybrain-open-source/src/velocitybrain_client/cli/main.py",PUBLIC,"Installable public client distribution layer or public boundary documentation."
"velocitybrain-open-source/src/velocitybrain_client/client/__init__.py",PUBLIC,"Installable public client distribution layer or public boundary documentation."
"velocitybrain-open-source/src/velocitybrain_client/client/auth.py",PUBLIC,"Installable public client distribution layer or public boundary documentation."
"velocitybrain-open-source/src/velocitybrain_client/client/client.py",PUBLIC,"Installable public client distribution layer or public boundary documentation."
"velocitybrain-open-source/src/velocitybrain_client/client/exceptions.py",PUBLIC,"Installable public client distribution layer or public boundary documentation."
"velocitybrain-open-source/src/velocitybrain_client/mcp/__init__.py",PUBLIC,"Installable public client distribution layer or public boundary documentation."
"velocitybrain-open-source/src/velocitybrain_client/mcp/server.py",PUBLIC,"Installable public client distribution layer or public boundary documentation."
"velocitybrain-open-source/tests/conftest.py",PUBLIC,"Installable public client distribution layer or public boundary documentation."
"velocitybrain-open-source/tests/test_agent_loop_smoke.py",DELETE,"Legacy, duplicate, generated, or replaced during the public/private split."
"velocitybrain-open-source/tests/test_audit_api.py",DELETE,"Legacy, duplicate, generated, or replaced during the public/private split."
"velocitybrain-open-source/tests/test_caveman_compress.py",DELETE,"Legacy, duplicate, generated, or replaced during the public/private split."
"velocitybrain-open-source/tests/test_caveman_ops.py",DELETE,"Legacy, duplicate, generated, or replaced during the public/private split."
"velocitybrain-open-source/tests/test_cli_mcp_smoke.py",DELETE,"Legacy, duplicate, generated, or replaced during the public/private split."
"velocitybrain-open-source/tests/test_client.py",PUBLIC,"Installable public client distribution layer or public boundary documentation."
"velocitybrain-open-source/tests/test_database_integrity.py",DELETE,"Legacy, duplicate, generated, or replaced during the public/private split."
"velocitybrain-open-source/tests/test_eval_query_api.py",DELETE,"Legacy, duplicate, generated, or replaced during the public/private split."
"velocitybrain-open-source/tests/test_openclaw_profile.py",DELETE,"Legacy, duplicate, generated, or replaced during the public/private split."
"velocitybrain-open-source/tests/test_production_security.py",DELETE,"Legacy, duplicate, generated, or replaced during the public/private split."
"velocitybrain-open-source/tests/test_public_boundary.py",PUBLIC,"Installable public client distribution layer or public boundary documentation."
"velocitybrain-open-source/tests/test_response_style.py",DELETE,"Legacy, duplicate, generated, or replaced during the public/private split."
"velocitybrain-open-source/tests/test_retrieval_benchmark.py",DELETE,"Legacy, duplicate, generated, or replaced during the public/private split."
"velocitybrain-open-source/tests/test_runtime_status_api.py",DELETE,"Legacy, duplicate, generated, or replaced during the public/private split."
"velocitybrain-open-source/tests/test_security_sync_features.py",DELETE,"Legacy, duplicate, generated, or replaced during the public/private split."
"velocitybrain-open-source/tests/test_skill_registry_inventory.py",DELETE,"Legacy, duplicate, generated, or replaced during the public/private split."
"velocitybrain-open-source/tests/test_skills.py",DELETE,"Legacy, duplicate, generated, or replaced during the public/private split."
"velocitybrain-open-source/tests/test_traceability.py",DELETE,"Legacy, duplicate, generated, or replaced during the public/private split."
"velocityx.py",PRIVATE,"Hosted product, internal docs, backend, dashboard, or private runtime."
"web/app.js",DELETE,"Legacy, duplicate, generated, or replaced during the public/private split."
"web/assets/velocity-brain-logo.svg",DELETE,"Legacy, duplicate, generated, or replaced during the public/private split."
"web/index.html",DELETE,"Legacy, duplicate, generated, or replaced during the public/private split."
"web/styles.css",DELETE,"Legacy, duplicate, generated, or replaced during the public/private split."
